file,label,category,app,mode,run_id,client_ip,duration_sec,total_packets,ul_packets,dl_packets,ul_bytes,dl_bytes,dl_ul_byte_ratio,dl_ul_packet_ratio,pkt_size_mean,pkt_size_std,pkt_size_p95,pkt_size_p50,p95_p50,ul_pkt_size_mean,ul_pkt_size_std,ul_pkt_size_p95,ul_pkt_size_p50,ul_p95_p50,dl_pkt_size_mean,dl_pkt_size_std,dl_pkt_size_p95,dl_pkt_size_p50,dl_p95_p50,iat_mean,iat_std,iat_max,ul_iat_mean,ul_iat_std,ul_iat_max,dl_iat_mean,dl_iat_std,dl_iat_max,unique_src_ips,unique_dst_ips,bytes_per_second
genai_chatgpt_audio_01_packets.csv,genai,,chatgpt,audio,1,192.168.137.80,332.4616,36057,12459,23598,2068392.0,24955917.0,12.065371070860843,1.8940524921743318,749.4885597803478,565.5356112665996,1304.0,1234.0,70.0,166.01589212617384,239.07230247226101,741.0999999999985,66.0,675.0999999999985,1057.5437325197051,428.8024294641376,1304.0,1234.0,70.0,0.009220445405885125,0.06342033678050159,5.9439649999999915,0.01574809358696531,0.08855137065933193,5.9439649999999915,0.005774052970590693,0.04440258583998148,2.68965399999999,31,39,81285.50485228971
genai_chatgpt_audio_02_packets.csv,genai,,chatgpt,audio,2,192.168.137.109,446.460153,56991,25072,31919,4274616.0,6095300.0,1.4259292530603918,1.2730934907466496,181.95708094260496,240.63746594440136,331.0,127.0,204.0,170.4936183790683,170.34874904636345,168.0,150.0,18.0,190.96149628747767,283.5747653163935,1242.0,127.0,1115.0,0.007833871190187924,0.010069310435589823,0.9191870000000222,0.004693457482450407,0.006550231369172648,0.4471859999999994,0.010300629311695337,0.011554284306777516,0.9191870000000222,54,56,23226.968701056732
genai_chatgpt_text_01_packets.csv,genai,,chatgpt,text,1,192.168.137.80,423.286492,4637,1832,2805,454267.0,573364.0,1.2621740077971766,1.5311135371179039,221.61548414923442,327.54024293786557,1304.0,134.0,1170.0,247.9623362445415,402.96649740954535,1304.0,66.0,1238.0,204.4078431372549,265.69055278388413,964.0,134.0,830.0,0.0912845572568471,0.44028055378825165,17.344720999999993,0.10052101637554582,0.5486978432935922,17.344720999999993,0.08525204634581107,0.3518639152971615,14.637457999999981,31,38,2427.7434300927325
genai_chatgpt_text_02_packets.csv,genai,,chatgpt,text,2,192.168.137.80,381.932889,7072,2908,4164,594482.0,3367115.0,5.6639477730192,1.4319119669876204,560.1805712669683,574.7674581470087,1304.0,150.0,1154.0,204.42984869325997,359.86984359713614,1304.0,66.0,1238.0,808.6251200768492,566.1671870080363,1304.0,1292.0,12.0,0.054006347426470584,0.2650409096061689,8.018129999999985,0.06991870426409882,0.34976604090775376,6.433675000000001,0.042893683237272,0.1832737974321754,8.018129999999985,23,37,10372.495048469105
genai_chatgpt_text_03_packets.csv,genai,,chatgpt,text,3,192.168.137.80,376.032107,4849,2147,2702,633697.0,1715041.0,2.706405427199434,1.2585002328830928,484.37574757681995,537.878617396121,1304.0,130.0,1174.0,295.15463437354447,443.719658617162,1304.0,66.0,1238.0,634.7301998519615,558.3721800165176,1304.0,368.5,935.5,0.07754838255310373,0.3607002207017907,8.132470000000005,0.09481096599906867,0.4417957725456464,8.132470000000005,0.0638315925240561,0.27932281597108205,6.512312999999992,23,33,6246.110255686225
genai_chatgpt_text_04_packets.csv,genai,,chatgpt,text,4,192.168.137.213,268.771202,11088,3472,7616,572460.0,8412808.0,14.695887922300248,2.193548387096774,810.3596681096681,586.0623965464458,1304.0,1292.0,12.0,164.8790322580645,306.2461322463674,1304.0,66.0,1238.0,1104.6228991596638,425.1515416305178,1304.0,1304.0,0.0,0.024239827020202023,0.3224312401537241,19.232989000000003,0.03159617482718892,0.1872655460146147,4.703490000000002,0.020886197872899172,0.36788864096589163,19.232989000000003,29,35,33430.91794484738
genai_chatgpt_text_05_packets.csv,genai,,chatgpt,text,5,192.168.137.213,305.928167,30749,5530,25219,667610.0,31151093.0,46.66061473015683,4.560397830018083,1034.7882207551465,501.10782543821267,1304.0,1304.0,0.0,120.7251356238698,225.78676584169972,472.6500000000078,66.0,406.6500000000078,1235.2231650739523,267.5888659395865,1304.0,1304.0,0.0,0.009949207031122962,0.1218425541191375,6.635843000000008,0.026848675226039793,0.22619605641965554,6.635843000000008,0.006243506602165031,0.08250425917817494,6.049815000000024,26,33,104007.10504044566
genai_chatgpt_text_06_packets.csv,genai,,chatgpt,text,6,192.168.137.109,288.437407,2913,1411,1502,820332.0,789396.0,0.962288439314814,1.0644932671863927,552.6014418125644,548.0190826323835,1441.0,267.0,1174.0,581.3834160170093,584.0736762351781,1444.0,143.0,1301.0,525.5632490013315,510.56063520351523,1322.0,326.0,996.0,0.09901730415379334,0.5566873372302723,11.212596999999988,0.10928392345853992,0.5617590577674584,7.976550000000003,0.08937269707057269,0.5518935967121497,11.212596999999988,28,29,5580.857270707609
genai_chatgpt_text_07_packets.csv,genai,,chatgpt,text,7,192.168.137.213,581.480221,3443,1559,1884,431704.0,1052786.0,2.4386755740044106,1.2084669660038487,431.161777519605,551.8543503187185,1514.0,97.0,1417.0,276.9108402822322,441.4531310173032,1454.0,66.0,1388.0,558.8036093418259,599.5327439473449,1514.0,183.5,1330.5,0.16888766221318618,1.1292918758847958,14.830998999999963,0.31005377421423963,1.5996630600641806,14.830998999999963,0.0520734538216563,0.4286642489223513,14.090653999999972,20,21,2552.9501200351233
genai_chatgpt_text_08_packets.csv,genai,,chatgpt,text,8,192.168.137.213,461.809752,1696,845,851,274223.0,302366.0,1.102628152999566,1.0071005917159763,339.969929245283,472.59456668898315,1466.0,94.0,1372.0,324.5242603550296,467.69081407939257,1454.0,78.0,1376.0,355.3066980023502,477.1939905837055,1514.0,105.0,1409.0,0.2722934858490566,1.6191130141046364,18.901048000000003,0.4501124071005918,2.162578032573143,18.901048000000003,0.0957282820211515,0.7219807481206761,12.850876999999969,19,19,1248.542278509528
genai_chatgpt_text_09_packets.csv,genai,,chatgpt,text,9,192.168.137.213,492.368291,3340,1643,1697,588171.0,743566.0,1.2642003771012171,1.0328667072428483,398.7236526946108,517.4059233013637,1466.0,97.0,1369.0,357.98600121728543,518.8797245033054,1454.0,73.0,1381.0,438.16499705362406,513.0534608168498,1514.0,161.0,1353.0,0.14741565598802395,0.8129185837775851,9.434535000000011,0.251868730371272,1.1330590419157311,9.434535000000011,0.04628636829699478,0.1930623931856943,4.753080999999999,14,14,2704.7578496479578
genai_chatgpt_text_10_packets.csv,genai,,chatgpt,text,10,192.168.137.213,375.059089,2018,993,1025,350736.0,414308.0,1.1812531362620318,1.0322255790533736,379.1100099108028,510.066497836382,1514.0,97.0,1417.0,353.2084592145015,516.6727120527873,1454.0,66.0,1388.0,404.2029268292683,502.5635860259255,1514.0,121.0,1393.0,0.18585683300297323,0.9328572500690927,9.494677000000024,0.3265682205438062,1.3057338946706099,9.494677000000024,0.04953838634146387,0.15696468984151218,1.3413960000000031,13,13,2039.7959213301456
genai_chatgpt_text_11_packets.csv,genai,,chatgpt,text,11,192.168.137.213,430.486536,1767,855,912,252110.0,391704.0,1.553702748800127,1.0666666666666667,364.354272778721,490.0757945315739,1514.0,94.0,1420.0,294.8654970760234,469.2265267544321,1454.0,66.0,1388.0,429.5,500.4065986731282,1514.0,146.0,1368.0,0.2436256570458404,1.3424870656020407,19.741884000000027,0.359121460818713,1.5581155611488997,17.68879000000004,0.13534834100877235,1.0925542693365742,19.741884000000027,15,15,1495.5496773074453
genai_chatgpt_text_12_packets.csv,genai,,chatgpt,text,12,192.168.137.213,364.532704,1217,624,593,170218.0,200784.0,1.1795697282308568,0.9503205128205128,304.8496302382909,439.3310943121948,1454.0,78.0,1376.0,272.7852564102564,432.5363162632839,1454.0,66.0,1388.0,338.5902192242833,444.2388522063105,1514.0,104.0,1410.0,0.29953385702547247,3.5419263310762776,111.121562,0.3885129631410256,4.670837137194351,111.121562,0.20590322934232724,1.6710265068605463,19.841204000000005,11,12,1017.7468192264033
genai_chatgpt_text_13_packets.csv,genai,,chatgpt,text,13,192.168.137.213,320.15688,1822,887,935,284326.0,402438.0,1.4154104795199876,1.0541149943630215,376.92864983534577,503.236833575335,1514.0,97.0,1417.0,320.5479143179256,481.0525866253275,1454.0,66.0,1388.0,430.4149732620321,518.0244376251435,1514.0,144.0,1370.0,0.17571727771679474,1.0143475694189221,13.127528000000012,0.2503551555806089,1.2962647867587271,13.127528000000012,0.1049110770053475,0.6338521562099829,6.7069099999999935,15,15,2145.085871651423
genai_chatgpt_text_14_packets.csv,genai,,chatgpt,text,14,192.168.137.213,367.065842,2840,1342,1498,516016.0,741818.0,1.4375872065982451,1.1162444113263785,442.8992957746479,543.446765726035,1514.0,105.0,1409.0,384.51266766020865,530.064509521272,1454.0,74.0,1380.0,495.2056074766355,550.097090278371,1514.0,169.0,1345.0,0.12924853591549296,0.6868626585368832,6.663887000000003,0.19301720119225063,0.8637602354182989,6.663887000000003,0.07212066622162859,0.4684734491217902,6.623614,16,16,3426.725824300481
genai_chatgpt_text_15_packets.csv,genai,,chatgpt,text,15,192.168.137.213,264.097894,3710,1711,1999,352981.0,740195.0,2.0969825571348033,1.168322618351841,294.6566037735849,408.171948219556,1466.0,105.0,1361.0,206.3009935710111,377.96043605281557,1454.0,66.0,1388.0,370.28264132066033,417.86005393971965,1514.0,254.0,1260.0,0.07118541617250673,2.274973562625304,137.866414,0.01673309292811224,0.1618937210390951,3.5322650000000237,0.11779268234117055,3.0952280979729374,137.866414,24,34,4139.28329167214
genai_chatgpt_text_16_packets.csv,genai,,chatgpt,text,16,192.168.137.213,421.787207,129229,16159,113070,1621550.0,162058047.0,99.94020967592735,6.997338944241599,1266.585650279736,484.13970540607556,1466.0,1466.0,0.0,100.34965034965035,198.73083106419983,94.0,66.0,28.0,1433.2541522950385,200.2242491188841,1466.0,1466.0,0.0,0.003263874261969063,0.10294783136344968,15.670773999999994,0.013194846958351374,0.25414838886761604,12.425349000000011,0.0018446243477491832,0.05353886362243955,15.670773999999994,25,25,388062.0234174148
genai_chatgpt_text_17_packets.csv,genai,,chatgpt,text,17,192.168.137.213,509.299771,5665,2730,2935,979428.0,1213966.0,1.239464258730606,1.075091575091575,387.18340688437775,507.5874859260103,1514.0,97.0,1417.0,358.7648351648352,514.973137162123,1454.0,66.0,1388.0,413.61703577512776,499.2572859860541,1514.0,161.0,1353.0,0.08990287219770521,0.6405182483263635,19.73844299999999,0.09144682893772886,0.562659805432391,9.846279999999979,0.08846675570698474,0.7053590920366514,19.73844299999999,25,25,4306.6856199312915
genai_chatgpt_text_18_packets.csv,genai,,chatgpt,text,18,192.168.137.213,327.289968,1989,1011,978,259073.0,252591.0,0.9749800249350569,0.9673590504451038,257.24685771744595,361.56229985507247,1454.0,90.0,1364.0,256.2542037586548,441.1506552902353,1454.0,66.0,1388.0,258.2730061349693,254.58698788140785,854.8999999999999,270.0,584.8999999999999,0.16455000904977374,0.9726555690838858,18.911639999999977,0.22241141641938736,1.3518436552984217,18.911639999999977,0.10473622290388482,0.16966815443212843,2.5961750000000023,13,13,1563.3354212677855
genai_chatgpt_text_19_packets.csv,genai,,chatgpt,text,19,192.168.137.213,474.84853,6946,3276,3670,805834.0,1607413.0,1.9947197561780714,1.1202686202686203,347.4297437374028,464.95543408212507,1514.0,105.0,1409.0,245.98107448107447,421.66485763079584,1454.0,66.0,1388.0,437.98719346049046,482.8154174030884,1514.0,254.0,1260.0,0.06836287503599194,0.4273267932846605,14.455570999999992,0.08188654273504264,0.5797061980657792,14.455570999999992,0.05629106702997282,0.213017214499299,6.149010000000004,19,20,5082.140614397606
genai_chatgpt_text_20_packets.csv,genai,,chatgpt,text,20,192.168.137.213,302.183428,2063,1003,1060,304755.0,419882.0,1.3777690275795311,1.0568295114656032,351.25399903053807,463.14999408884233,1454.0,97.0,1357.0,303.8434695912263,475.4986692471538,1454.0,66.0,1388.0,396.11509433962266,446.7661284394391,1403.199999999997,189.0,1214.199999999997,0.14647766747455163,0.8103780774548149,11.22246899999999,0.2191572622133598,1.1111976629446687,11.22246899999999,0.07770631509433976,0.3172715269054066,6.697977000000009,21,21,2398.003771404698
genai_chatgpt_text_21_packets.csv,genai,,chatgpt,text,21,192.168.137.213,327.085768,1639,816,823,271792.0,325606.0,1.1979969977041267,1.008578431372549,364.4893227577791,493.3562535285176,1466.0,94.0,1372.0,333.078431372549,497.03816369798034,1454.0,66.0,1388.0,395.63304981773996,487.98612318858915,1466.0,146.0,1320.0,0.19956422696766318,1.2851270143202678,19.740854000000013,0.21761656372549038,1.1446462097833856,18.836957000000012,0.18166543377885763,1.4111506311561526,19.740854000000013,14,14,1826.4261500977323
genai_chatgpt_text_22_packets.csv,genai,,chatgpt,text,22,192.168.137.213,324.469892,3959,1420,2539,352317.0,2548378.0,7.233196240885339,1.7880281690140845,732.68375852488,648.8505657012499,1466.0,441.0,1025.0,248.1105633802817,412.8319405810099,1454.0,66.0,1388.0,1003.6935801496652,597.0090171764368,1466.0,1292.0,174.0,0.08195753776206113,0.8873170913324028,19.852738000000002,0.12081610211267571,0.9933768127223656,18.786116000000007,0.060224902323749704,0.821463823787235,19.852738000000002,19,19,8939.797101421045
genai_chatgpt_text_23_packets.csv,genai,,chatgpt,text,23,192.168.137.213,464.979695,6810,3179,3631,647152.0,1479928.0,2.2868321507157514,1.1421830764391319,312.3465491923642,431.1904668499664,1514.0,105.0,1409.0,203.57093425605535,378.8477656842904,1454.0,66.0,1388.0,407.5813825392454,451.2895583574871,1514.0,254.0,1260.0,0.06827895668135095,0.5860846897735851,18.061501999999997,0.09191107234979567,0.8236007193149816,18.061501999999997,0.047588652161938735,0.22257842725934868,10.757111000000009,18,18,4574.56534741802
genai_chatgpt_text_24_packets.csv,genai,,chatgpt,text,24,192.168.137.213,274.535313,22338,3707,18631,657693.0,22549461.0,34.2856940852343,5.0258969517129755,1038.9092130002687,487.852076514968,1292.0,1292.0,0.0,177.4192069058538,336.68756767642185,1454.0,75.0,1379.0,1210.3194138800923,292.8270946527118,1292.0,1292.0,0.0,0.01229005788342734,0.2209164431483901,14.194336000000021,0.045063358780685334,0.500219443526008,14.194336000000021,0.005769171917771425,0.09210641365228642,8.404319999999984,35,35,84532.49145402291
genai_chatgpt_text_25_packets.csv,genai,,chatgpt,text,25,192.168.137.213,293.257808,4366,1976,2390,404518.0,1168021.0,2.8874388778744087,1.209514170040486,360.1784241868988,484.51569423784963,1514.0,123.0,1391.0,204.7155870445344,374.1334698279861,1454.0,66.0,1388.0,488.71171548117155,526.0136207016438,1514.0,262.0,1252.0,0.06716853137883647,0.6501759821451241,18.41250500000001,0.09637180819838034,0.9469730840668039,18.41250500000001,0.04302389748953994,0.17243689016436453,4.5325500000000005,14,15,5362.309057428404
genai_chatgpt_text_26_packets.csv,genai,,chatgpt,text,26,192.168.137.213,260.273623,4041,1910,2131,476979.0,914164.0,1.9165707504942566,1.1157068062827225,344.2571145756001,471.02198080395794,1514.0,105.0,1409.0,249.72722513089005,428.4201787951828,1454.0,66.0,1388.0,428.98357578601593,491.0327224044265,1514.0,254.0,1260.0,0.06440822147983172,0.6541037830353815,17.867458,0.10132494554973806,0.9427473211917039,17.867458,0.031320026748005776,0.11241745803463017,2.0373910000000137,17,34,5344.925021464815
genai_chatgpt_text_27_packets.csv,genai,,chatgpt,text,27,192.168.137.213,325.281218,5704,2806,2898,797128.0,938181.0,1.1769515059062032,1.0327868852459017,304.226683029453,412.51694557595147,1454.0,105.0,1349.0,284.07982893799004,460.1977224130899,1454.0,66.0,1388.0,323.73395445134577,359.395199153554,1514.0,254.0,1260.0,0.05702686150070126,0.5729254143597599,17.927459,0.0758086899501069,0.7830001495206478,17.927459,0.038841281573499,0.22778162276364358,6.763573000000008,16,16,5334.7961824220665
genai_chatgpt_text_28_packets.csv,genai,,chatgpt,text,28,192.168.137.213,334.183036,3361,1614,1747,503664.0,634403.0,1.2595758283299978,1.0824039653035935,338.60963998809876,461.5657184569301,1454.0,97.0,1357.0,312.0594795539034,486.8839572018266,1454.0,66.0,1388.0,363.13852318259876,435.5770885208771,1514.0,254.0,1260.0,0.09942964474858673,0.8301777297027806,18.20623599999999,0.14150075092936806,1.1009656258431688,18.20623599999999,0.06056143331425299,0.4509384918738652,17.759873,14,14,3405.519961821162
genai_chatgpt_text_29_packets.csv,genai,,chatgpt,text,29,192.168.137.213,323.484042,4294,2043,2251,525303.0,761110.0,1.4488971127139956,1.1018110621634851,299.5838379133675,416.1242174977989,1454.0,97.0,1357.0,257.12334801762114,440.1900616331287,1454.0,66.0,1388.0,338.12083518436253,389.11527748232476,1514.0,254.0,1260.0,0.07533396413600373,0.6621421955573721,19.706363999999994,0.09300537151248181,0.7851153688151402,14.023680999999982,0.05929545446468221,0.5258945595533732,19.706363999999994,13,13,3976.7433102619634
genai_chatgpt_text_30_packets.csv,genai,,chatgpt,text,30,192.168.137.213,354.819209,3064,1451,1613,373177.0,662522.0,1.7753559302958113,1.1116471399035148,338.0218668407311,468.3424029948646,1514.0,97.0,1417.0,257.18607856650584,420.99236274405104,1454.0,66.0,1388.0,410.7389956602604,496.17129831210286,1514.0,182.0,1332.0,0.11580261390339426,0.7715338986330031,14.54154699999998,0.10949346037215707,0.6914464500519698,10.699951999999996,0.12147811407315566,0.8372319550064428,14.54154699999998,24,26,2918.9485059699796
genai_chatgpt_text_31_packets.csv,genai,,chatgpt,text,31,192.168.137.213,342.347706,3656,1651,2005,543802.0,1060848.0,1.9507982684874274,1.2144155057540884,438.9086433260394,552.4968861106229,1514.0,113.0,1401.0,329.37734706238643,498.6342461787909,1454.0,66.0,1388.0,529.101246882793,577.9256596546538,1514.0,270.0,1244.0,0.09363996334792123,0.7360460268676465,18.423232999999982,0.13009926165960034,1.0177851826037687,18.423232999999982,0.06361786783042386,0.3649649998320843,13.564600000000013,23,21,4687.193668533008
genai_chatgpt_text_32_packets.csv,genai,,chatgpt,text,32,192.168.137.213,327.76305,2762,1269,1493,353064.0,653489.0,1.8509080506650353,1.1765169424743893,364.429036929761,491.73319289236326,1514.0,97.0,1417.0,278.22222222222223,443.8544068610906,1454.0,66.0,1388.0,437.70194239785667,518.0152486475134,1514.0,236.0,1278.0,0.11866873642288198,0.8987965914354663,18.23595800000001,0.16777759653270244,1.209834037057882,18.23595800000001,0.0769278499665108,0.4971784008459787,16.46463300000002,16,16,3070.977646809181
genai_chatgpt_text_33_packets.csv,genai,,chatgpt,text,33,192.168.137.213,325.071107,6484,3012,3472,767182.0,1434101.0,1.8693100203080886,1.152722443559097,339.4946020974707,444.2577253667741,1514.0,146.0,1368.0,254.7084993359894,437.20792748682953,1454.0,66.0,1388.0,413.0475230414747,437.22162371626507,1514.0,262.0,1252.0,0.050134347162245525,0.479801074118649,18.228009999999983,0.0674197971447543,0.6898661390007451,18.228009999999983,0.03513902016129034,0.1290255670087094,5.166741999999999,17,17,6771.696876769795
genai_chatgpt_text_34_packets.csv,genai,,chatgpt,text,34,192.168.137.213,220.607261,4120,1959,2161,282405.0,643259.0,2.2777889909881197,1.1031138335885655,224.6757281553398,279.2957035388303,608.2999999999984,113.0,495.29999999999836,144.15773353751914,297.61766735962556,698.1999999999953,66.0,632.1999999999953,297.66728366496994,239.2706372702289,594.0,254.0,340.0,0.05354545169902913,0.5892914609804955,18.372194000000007,0.06972866462480849,0.8292610446074274,18.372194000000007,0.0388749685330866,0.19595275473463142,7.527091999999996,8,8,4195.981563816252
genai_chatgpt_text_35_packets.csv,genai,,chatgpt,text,35,192.168.137.213,311.041015,3641,1746,1895,413209.0,784191.0,1.8978071629611166,1.0853379152348224,328.86569623729747,449.7943129815127,1514.0,97.0,1417.0,236.66036655211914,406.11020255270785,1454.0,66.0,1388.0,413.8211081794195,470.9682080417952,1514.0,254.0,1260.0,0.0854273592419665,0.5411824317491835,10.775925,0.11422746678121426,0.6950154818275229,10.775925,0.05889174564643796,0.3411103147659676,10.721051999999986,17,17,3849.6530754955256
genai_chatgpt_text_36_packets.csv,genai,,chatgpt,text,36,192.168.137.213,213.732855,2521,1141,1380,276064.0,603635.0,2.18657630114756,1.2094653812445224,348.94843316144386,469.39905743150325,1514.0,121.0,1393.0,241.94916739702015,418.40728190858573,1454.0,66.0,1388.0,437.4166666666667,490.5250294410038,1514.0,254.0,1260.0,0.0847809817532725,0.6441504233194314,16.716122999999982,0.1227603891323404,0.7956938327143528,16.716122999999982,0.053379167391304064,0.48235712957028865,12.969375,13,13,4115.881014175383
genai_chatgpt_text_37_packets.csv,genai,,chatgpt,text,37,192.168.137.213,363.046789,4898,2292,2606,760091.0,1165984.0,1.5340057966743457,1.1369982547993018,393.23703552470397,513.277284435152,1514.0,105.0,1409.0,331.6278359511344,508.5255084357532,1454.0,66.0,1388.0,447.4228702993093,511.4176067763941,1514.0,262.0,1252.0,0.07412143507554103,0.37965446230715444,8.305914000000008,0.0921063071553227,0.5187500587409298,8.305914000000008,0.05830358135072922,0.18372993786261702,3.793822999999975,17,17,5305.307906193876
genai_chatgpt_text_38_packets.csv,genai,,chatgpt,text,38,192.168.137.213,433.063589,4198,2100,2098,467021.0,556179.0,1.1909079034989862,0.9990476190476191,243.73511195807527,323.18985813947916,1292.0,97.0,1195.0,222.39095238095237,400.5473756107616,1292.0,66.0,1226.0,265.0996186844614,218.0566377621839,594.0,254.0,340.0,0.10315950190566936,0.899750709163951,18.137304,0.14053576476190502,1.218704079190004,18.137304,0.06574760867492821,0.3616702403111735,11.300067000000006,12,12,2362.701520030122
genai_chatgpt_video_01_packets.csv,genai,,chatgpt,video,1,192.168.137.80,255.94402,78632,61315,17317,55974629.0,2307473.0,0.04122355147722372,0.2824268123623909,741.2008088310102,512.6147758037991,1237.0,1106.0,131.0,912.9026991763842,441.233754976542,1240.0,1140.0,100.0,133.24900386903045,172.79203860607453,142.0,127.0,15.0,0.0032549600671482348,0.007626430833667009,1.6766429999999999,0.0021159794829976363,0.007738851653728957,1.6766429999999999,0.007287794537160011,0.005584897354677835,0.2030179999999997,22,24,227714.2556407452
genai_chatgpt_video_02_packets.csv,genai,,chatgpt,video,2,192.168.137.80,325.38641,102386,81559,20827,76417035.0,2579920.0,0.033761058643534125,0.2553611495972241,771.5601254077706,506.4588741482145,1237.0,1122.0,115.0,936.9540455375862,430.6484221899521,1239.0,1147.0,92.0,123.87381764056273,89.89311503470351,220.0,127.0,93.0,0.003178036157287129,0.016409475400050434,2.9567170000000003,0.002776620409764707,0.01754842995447537,2.9567170000000003,0.004749989244730411,0.010710654453941098,1.3962709999999987,20,22,242778.90093811846
genai_chatgpt_video_03_packets.csv,genai,,chatgpt,video,3,192.168.137.80,158.326472,40698,30538,10160,26634507.0,1212244.0,0.045514039362545736,0.3327002423210426,684.2289793110226,522.9319814436163,1234.0,1083.5,150.5,872.1758792324317,464.6330388280919,1239.0,1135.0,104.0,119.31535433070866,145.61514012234483,225.0,88.0,137.0,0.0038902764755024814,0.027924012024415412,4.995474999999999,0.0030940525574693935,0.03195010699619175,4.995474999999999,0.00628349360236217,0.0068987709819846,0.41463199999998324,20,21,175881.83863529784
genai_chatgpt_video_04_packets.csv,genai,,chatgpt,video,4,192.168.137.111,61.657081,15207,10722,4485,8572860.0,1129371.0,0.13173794976238967,0.4182988248461108,638.0108502663247,507.6996142185202,1242.0,642.0,600.0,799.5579182988248,481.0345046055354,1239.0,1084.0,155.0,251.81070234113713,330.55365939726113,1242.0,127.0,1115.0,0.004054519694877359,0.011229419215368958,0.9045789999999982,0.0027298742771870847,0.012106654879074679,0.9045789999999982,0.0072212639910814,0.007934488703504895,0.08723800000000004,18,22,157357.9359035826
genai_gemini_audio_01_packets.csv,genai,,gemini,audio,1,192.168.137.213,315.680091,6714,1580,5134,821920.0,3945629.0,4.800502481993381,3.249367088607595,710.0907059874888,547.9588096810868,1292.0,618.5,673.5,520.2025316455696,546.5584519050775,1292.0,76.0,1216.0,768.5292169848071,535.0459550311708,1292.0,944.0,348.0,0.047018184539767645,0.9409190328465261,55.265769000000006,0.06272325569620243,0.9705800854719359,36.90561099999999,0.0421849137125049,0.9316441443236735,55.265769000000006,11,11,15102.469670790864
genai_gemini_audio_02_packets.csv,genai,,gemini,audio,2,192.168.137.213,347.396879,6415,1643,4772,972140.0,3567524.0,3.6697636142942374,2.9044430919050517,707.6639127045986,555.3321343579393,1292.0,673.0,619.0,591.6859403530128,565.3943467382048,1292.0,105.0,1187.0,747.5951383067896,546.2145644435255,1292.0,849.0,443.0,0.05415383928293063,0.5080481773086098,9.35990099999998,0.040620778454047456,0.2516475042131981,7.40218999999999,0.05881327326068736,0.5701933871756883,9.35990099999998,11,13,13067.659136914699
genai_gemini_audio_03_packets.csv,genai,,gemini,audio,3,192.168.137.109,353.150368,14508,6616,7892,3761516.0,3958981.0,1.0524961212447321,1.1928657799274487,532.1544665012407,574.0989048498899,1444.0,145.0,1299.0,568.5483675937122,606.5263332897454,1444.0,118.5,1325.5,501.6448302078054,543.5954081326302,1444.0,150.0,1294.0,0.024341767852219465,0.1252009284152747,8.888681,0.02922085565296258,0.14471888438265013,6.726204000000001,0.020251544221996903,0.1059442449912352,8.888681,25,28,21861.783816688534
genai_gemini_text_01_packets.csv,genai,,gemini,text,1,192.168.137.80,405.247214,7485,2215,5270,385134.0,6051430.0,15.712531222899043,2.379232505643341,859.9283901135605,580.2918043960399,1304.0,1304.0,0.0,173.87539503386006,326.1805115433365,1292.0,66.0,1226.0,1148.2789373814041,390.6005595336488,1304.0,1304.0,0.0,0.05414124435537742,0.487190860943359,9.367020999999966,0.030830119187358986,0.24455253680732328,6.152377000000001,0.06393899430740035,0.5582835083938321,9.367020999999966,14,17,15883.055521758628
genai_gemini_text_02_packets.csv,genai,,gemini,text,2,192.168.137.213,322.604184,57788,9380,48408,2028878.0,60194275.0,29.66875041278973,5.160767590618337,1076.7486848480653,458.1876563665921,1292.0,1292.0,0.0,216.29829424307036,370.8262803850251,1292.0,75.0,1217.0,1243.477834242274,229.58284431036887,1292.0,1292.0,0.0,0.005582546272582542,0.11943043145334908,17.69047599999999,0.014224191791044746,0.12064359905147551,5.1956790000000055,0.003908057862336809,0.1191226991586589,17.69047599999999,67,69,192877.69993708452
genai_gemini_text_03_packets.csv,genai,,gemini,text,3,192.168.137.213,126.566072,1171,474,697,238838.0,491721.0,2.058805550205579,1.470464135021097,623.8761742100769,572.7407738722451,1304.0,300.0,1004.0,503.8776371308017,559.6008976937853,1292.0,81.0,1211.0,705.4820659971306,567.5730572573553,1304.0,857.0,447.0,0.10808375064047823,0.6441259065942154,7.778121999999996,0.10464269409282709,0.4940895159205526,4.679908999999995,0.11042386657101859,0.729066657092147,7.778121999999996,12,16,5772.1551159460805
genai_gemini_text_04_packets.csv,genai,,gemini,text,4,192.168.137.213,336.208406,1476,540,936,172303.0,671438.0,3.8968445122835935,1.7333333333333334,571.640243902439,551.9998427717243,1292.0,228.0,1064.0,319.0796296296296,457.43297931782377,1292.0,75.0,1217.0,717.3482905982906,549.514280864547,1292.0,773.5,518.5,0.227783472899729,1.3600795319935257,27.299824,0.25035028148148186,1.7794975751216273,27.299824,0.21476416025641007,1.0451015217584336,10.821624999999983,10,13,2509.5773482831955
genai_gemini_text_05_packets.csv,genai,,gemini,text,5,192.168.137.222,348.986617,6668,3048,3620,521097.0,3647481.0,6.99962003235482,1.1876640419947506,625.1616676664667,643.625059096912,1444.0,107.0,1337.0,170.96358267716536,322.6594063965271,1242.0,66.0,1176.0,1007.5914364640884,596.1981730944344,1444.0,1444.0,0.0,0.05233752504499101,0.516424940487351,19.432452000000012,0.08399869947506552,0.7167649748167552,19.432452000000012,0.025679166022099534,0.23917470864357182,11.290279999999996,29,31,11944.807614212896
genai_grok_text_01_packets.csv,genai,,grok,text,1,192.168.137.222,324.721062,22978,9518,13460,2005138.0,15958714.0,7.958910558774508,1.414162639209918,781.7848376708156,672.4441773885521,1444.0,1242.0,202.0,210.66799747846187,401.47690317098676,1441.0,66.0,1375.0,1185.639970282318,514.0091810870409,1444.0,1444.0,0.0,0.014131824440769433,0.11627475350553372,4.869551999999999,0.022335660537928126,0.17195092076427976,4.869551999999999,0.008330627414561673,0.045742279821676314,2.5208709999999996,41,48,55320.87105578633
genai_perplexity_audio_01_packets.csv,genai,,perplexity,audio,1,192.168.137.222,240.509812,50424,21647,28777,2936257.0,19863012.0,6.76473891760837,1.329375895043193,452.151138346819,556.2269365623642,1444.0,146.0,1298.0,135.64267565944473,166.89471650231627,170.0,111.0,59.0,690.239149320638,623.801947487445,1444.0,232.0,1212.0,0.004769748770426781,0.008759621211218253,0.676149,0.0036262750958562366,0.008653277384887493,0.676149,0.0056299070438197195,0.008740884618096686,0.6277430000000095,47,53,94795.58779913727
genai_perplexity_text_01_packets.csv,genai,,perplexity,text,1,192.168.137.222,323.569554,17913,7540,10373,1206244.0,11546760.0,9.572491137779753,1.3757294429708222,711.9412717021157,652.074344512517,1444.0,400.0,1044.0,159.97931034482758,296.3263359148719,1031.0499999999993,66.0,965.0499999999993,1113.1553070471416,536.6695880173335,1444.0,1444.0,0.0,0.018063392731535753,0.21437194923213804,12.195476000000014,0.027802702122015896,0.2833850526482043,12.195476000000014,0.010984014267810673,0.14447055847980517,7.863879999999995,52,57,39413.48573234428
non_genai_browsing_chrome_01_packets.csv,non_genai,browsing,chrome,,1,192.168.137.80,214.936315,81361,28396,52965,7711522.0,50965802.0,6.609045788885774,1.8652274968305396,721.1971829254803,620.3932453128597,1514.0,573.0,941.0,271.5707141850965,413.7659383026244,1292.0,75.0,1217.0,962.2543566506183,577.0255622552783,1514.0,1292.0,222.0,0.0026417609788473594,0.055691592409174304,7.688236000000003,0.0052993848781518775,0.09093962960423084,7.688236000000003,0.0012169353724157323,0.018024558281428467,2.8539309999999958,382,384,272998.6507863969
non_genai_browsing_chrome_02_packets.csv,non_genai,browsing,chrome,,2,192.168.137.222,368.139987,100357,48440,51917,8159431.0,45417227.0,5.566224777193409,1.0717795210569776,533.8606973106012,616.0185972502784,1444.0,84.0,1360.0,168.44407514450867,318.32908402642653,1253.0499999999956,66.0,1187.0499999999956,874.8045341602943,631.0066923920294,1444.0,1242.0,202.0,0.0036683040246320636,0.019783235120623896,4.184049000000002,0.0035902086911643372,0.015477068582000032,0.9248139999999978,0.0037411691353506464,0.02308767250133563,4.184049000000002,580,585,145533.38374513495
non_genai_browsing_chrome_03_packets.csv,non_genai,browsing,chrome,,3,192.168.137.222,233.964255,60188,28524,31664,6766802.0,24344836.0,3.5976870610371043,1.110082737343991,516.907656011165,603.1051416066061,1444.0,92.0,1352.0,237.2318749123545,405.14997737608354,1444.0,66.0,1378.0,768.8490399191511,640.0022386700399,1444.0,716.0,728.0,0.003887224280587493,0.018312476791701865,0.6897780000000004,0.0035222354508483997,0.016366567217988993,0.476335999999975,0.0042160185384032415,0.019897723134726927,0.6897780000000004,548,585,132976.03088984682
non_genai_browsing_chrome_04_packets.csv,non_genai,browsing,chrome,,4,192.168.137.222,157.568434,29932,14181,15751,3170355.0,12368288.0,3.90123125012814,1.11071151540794,519.1314646532139,601.4243424078599,1444.0,90.0,1354.0,223.56357097524858,389.0498668133339,1444.0,73.0,1371.0,785.2382705859945,633.7525780678532,1444.0,995.0,449.0,0.005264213350260591,0.02471189963733382,1.4240180000000038,0.004711472251604217,0.02001459101218577,1.004748,0.005761859310520004,0.028272697371237897,1.4240180000000038,355,379,98615.2023317056
non_genai_browsing_chrome_05_packets.csv,non_genai,browsing,chrome,,5,192.168.137.213,689.435252,19589,8328,11261,2337216.0,8185831.0,3.5023853165475507,1.3521853986551393,537.1916381642759,582.4218750042585,1514.0,128.0,1386.0,280.64553314121036,425.9210797036503,1292.0,82.0,1210.0,726.9186573128496,609.3183800213176,1514.0,578.0,936.0,0.035195020266476085,0.3929257790431385,15.045380000000023,0.028021182156580338,0.34904046736972244,10.20419800000002,0.04050038602255563,0.42239555137738366,15.045380000000023,213,213,15263.28537665202
non_genai_browsing_chrome_06_packets.csv,non_genai,browsing,chrome,,6,192.168.137.213,161.738582,12103,4325,7778,1176164.0,7646833.0,6.501502341510197,1.7983815028901735,728.9925638271503,656.342895878354,1514.0,406.0,1108.0,271.9454335260116,420.19844798584325,1292.0,78.0,1214.0,983.1361532527642,625.6349599412133,1514.0,1292.0,222.0,0.013363511691316204,0.20376785797134256,9.958114999999992,0.01843650820809254,0.26393955601761787,9.958114999999992,0.010542643867318045,0.16080137854847465,7.057166999999993,122,123,54550.972877949425
non_genai_browsing_chrome_07_packets.csv,non_genai,browsing,chrome,,7,192.168.137.213,524.876352,8071,3711,4360,1138362.0,2748726.0,2.4146326036884576,1.1748854756130422,481.6116961962582,562.9126668631457,1514.0,105.0,1409.0,306.7534357316087,456.57006777794055,1454.0,85.0,1369.0,630.4417431192661,600.8582775459747,1514.0,299.0,1215.0,0.065032381613183,0.6175773498153094,21.87703300000001,0.0764929846402585,0.751769253754076,21.87703300000001,0.055277726146789156,0.4742213494979676,10.386822999999993,116,116,7405.721338346751
non_genai_browsing_chrome_08_packets.csv,non_genai,browsing,chrome,,8,192.168.137.213,308.533852,3166,1523,1643,529431.0,750805.0,1.4181356966252447,1.0787918581746554,404.3701831964624,511.1501852628517,1514.0,97.0,1417.0,347.62376887721604,490.8874686177782,1465.3999999999992,85.0,1380.3999999999992,456.9720024345709,523.9259186924983,1514.0,123.0,1391.0,0.09745225900189515,0.8346394714051023,21.764639999999986,0.09495295206828626,0.9453334593507682,21.764639999999986,0.09976902373706636,0.7172191232697849,14.59577200000001,61,61,4149.418262213898
non_genai_browsing_chrome_09_packets.csv,non_genai,browsing,chrome,,9,192.168.137.213,325.869583,3319,1417,1902,470859.0,1506940.0,3.200406066359568,1.34227240649259,595.9020789394395,641.8332105425922,1514.0,124.0,1390.0,332.29287226534933,489.0206570351288,1454.0,82.0,1372.0,792.292323869611,671.192841391783,1514.0,578.0,936.0,0.09818306206688761,0.743026888823193,13.582529000000022,0.0959771277346508,0.7551654451893943,13.189850999999997,0.09982649474237634,0.7340482970984599,13.582529000000022,46,46,6069.296133109791
non_genai_browsing_chrome_10_packets.csv,non_genai,browsing,chrome,,10,192.168.137.213,415.970568,5453,2708,2745,973267.0,1250468.0,1.284814958279691,1.0136632200886262,407.800293416468,518.9707584386305,1514.0,97.0,1417.0,359.40435745937964,497.5719992447603,1466.0,86.0,1380.0,455.54389799635703,535.0668369739062,1514.0,114.0,1400.0,0.07628288428388044,0.6307823369685114,14.676087999999993,0.08230846491875923,0.729440370295671,14.676087999999993,0.07033852276867031,0.5153375480546789,8.33879300000001,64,65,5345.895048997793
non_genai_browsing_chrome_11_packets.csv,non_genai,browsing,chrome,,11,192.168.137.213,419.640457,4485,2079,2406,614238.0,1382388.0,2.2505738817852365,1.1572871572871573,445.17859531772575,527.0463110516191,1466.0,104.0,1362.0,295.44877344877347,437.8442796602127,1454.0,85.0,1369.0,574.5586034912718,562.2584667806166,1514.0,246.5,1267.5,0.09356531928651061,2.7777045840313765,147.739476,0.0648729177489178,2.3791164792842245,108.24357400000002,0.11835813009143804,3.0811522788514196,147.739476,80,81,4757.944489608636
non_genai_browsing_chrome_12_packets.csv,non_genai,browsing,chrome,,12,192.168.137.213,374.11837,7356,3596,3760,1241450.0,1811736.0,1.4593708969350356,1.0456062291434927,415.06063077759654,511.7611158492455,1466.0,101.0,1365.0,345.23081201334816,477.04247832541165,1454.0,86.0,1368.0,481.84468085106386,534.485925341133,1466.0,143.0,1323.0,0.05085894100054378,0.5594438260474912,20.184753,0.04968096218020004,0.5523055412100937,12.569587999999996,0.051985539893617205,0.5662577203794192,20.184753,123,124,8161.015990741112
non_genai_browsing_chrome_13_packets (1).csv,non_genai,browsing,chrome,,13,192.168.137.213,365.38591,3001,1510,1491,554038.0,479344.0,0.8651825326060667,0.9874172185430463,344.3458847050983,474.8939562230976,1366.0,89.0,1277.0,366.91258278145693,506.0730154095656,1454.0,85.0,1369.0,321.4916163648558,440.0695663776525,1292.0,91.0,1201.0,0.12175471842719095,0.7872232198472751,14.902147999999997,0.06088639933774845,0.5120710627110974,14.12712700000003,0.183398690140845,0.9872393329418292,14.902147999999997,78,79,2828.1933476854647
non_genai_browsing_chrome_13_packets.csv,non_genai,browsing,chrome,,13,192.168.137.213,365.38591,3001,1510,1491,554038.0,479344.0,0.8651825326060667,0.9874172185430463,344.3458847050983,474.8939562230976,1366.0,89.0,1277.0,366.91258278145693,506.0730154095656,1454.0,85.0,1369.0,321.4916163648558,440.0695663776525,1292.0,91.0,1201.0,0.12175471842719095,0.7872232198472751,14.902147999999997,0.06088639933774845,0.5120710627110974,14.12712700000003,0.183398690140845,0.9872393329418292,14.902147999999997,78,79,2828.1933476854647
non_genai_browsing_chrome_14_packets.csv,non_genai,browsing,chrome,,14,192.168.137.213,319.982027,6109,2785,3324,860198.0,1537644.0,1.7875465881111092,1.193536804308797,392.5097397282698,502.82343695791724,1514.0,97.0,1417.0,308.86822262118494,451.5001832324597,1292.0,85.0,1207.0,462.5884476534296,532.1336293802722,1514.0,150.5,1363.5,0.052378789818300873,0.4724503749973143,18.287464999999997,0.040158496947935496,0.4811749955000844,18.287464999999997,0.06261751293622132,0.46483977697533224,9.69294,112,111,7493.677137059951
non_genai_stream_disney_01_packets.csv,non_genai,stream,disney,,1,192.168.137.222,446.669686,434975,48442,386533,6272263.0,548367714.0,87.42741080850723,7.979294826803187,1275.1077119374677,433.8194092751136,1444.0,1432.0,12.0,129.47985219437678,264.0554120702352,328.0,66.0,262.0,1418.682787756802,133.97496390380726,1444.0,1432.0,12.0,0.001026885880797747,0.02360659236033365,4.138116000000025,0.004894280149457084,0.06734777331673059,4.138116000000025,0.0005422071776536543,0.007521663514410793,1.9262170000000012,74,131,1241722.898114917
non_genai_stream_disney_02_packets.csv,non_genai,stream,disney,,2,192.168.137.222,213.233014,34071,13253,20818,2350002.0,27808605.0,11.833438865158413,1.5708141552855956,885.1694109359867,666.9328243073215,1444.0,1444.0,0.0,177.31849392590357,357.5273814008356,1444.0,66.0,1378.0,1335.7961859928907,352.9000279900134,1444.0,1444.0,0.0,0.006258490035514074,0.02671411730721463,1.6143490000000043,0.006986193541085025,0.03845235488951156,1.6143490000000043,0.005795224853492178,0.015038943884485756,1.0107220000000154,42,45,141434.97966970538
non_genai_stream_disney_03_packets.csv,non_genai,stream,disney,,3,192.168.137.222,299.542111,22039,9617,12422,2382339.0,14420950.0,6.053273694465817,1.2916709992721223,762.4342756023414,659.0445792538462,1444.0,1018.0,426.0,247.72163876468753,441.60689054936097,1444.0,66.0,1378.0,1160.9201416841088,505.6937503384378,1444.0,1410.0,34.0,0.01359145655429012,0.10239068747613231,5.486957999999994,0.01989457481543107,0.1353047036051182,3.4614250000000055,0.00871163943004342,0.0661314862848572,5.486957999999994,53,57,56096.58336152943
non_genai_browsing_google_01_packets.csv,non_genai,browsing,google,,1,192.168.137.109,355.095066,79275,39416,39859,8389514.0,31143145.0,3.712151264066071,1.011239090724579,498.67750236518447,593.6988835207495,1444.0,81.0,1363.0,212.84539273391516,379.9373451562869,1444.0,70.0,1374.0,781.3328232017863,630.5632007118809,1444.0,1242.0,202.0,0.004479281816461684,0.0276426489487205,4.6910780000000045,0.004401030647452814,0.02201044395800754,1.972488999999996,0.004556663288090516,0.03225943795747657,4.6910780000000045,557,565,111329.78964005093
non_genai_browsing_google_02_packets.csv,non_genai,browsing,google,,2,192.168.137.222,397.084134,40722,17079,23643,3248362.0,24619652.0,7.579097403552929,1.3843316353416477,684.3478709297186,661.5435266687866,1444.0,146.0,1298.0,190.19626441829146,356.7452648410529,1254.0,66.0,1188.0,1041.3082942097026,598.3581844264565,1444.0,1444.0,0.0,0.009751096066008547,0.09924602950933267,7.278401999999971,0.012996582879559673,0.11486455546431208,6.994174000000015,0.007406652920526175,0.08614784985396146,7.278401999999971,188,205,70181.63561276915
non_genai_browsing_google_03_packets.csv,non_genai,browsing,google,,3,192.168.137.222,393.225682,49268,23956,25312,5368611.0,19157780.0,3.5684798172190164,1.0566037735849056,497.8158439555086,592.6278238457966,1444.0,82.0,1362.0,224.10298046418433,387.72151495087326,1444.0,66.0,1378.0,756.8655183312263,635.0764694201456,1444.0,680.0,764.0,0.007981360761549079,0.05983747836827158,7.144137999999998,0.007281160920020038,0.050588175616059404,2.42071100000004,0.00864404989728192,0.06742703081243305,7.144137999999998,336,381,62372.30202070067
non_genai_audio_calling_instagram_01_packets.csv,non_genai,calling,instagram,audio,1,192.168.137.222,316.868289,19019,9391,9628,1860659.0,5061294.0,2.7201620501123527,1.0252369289745502,363.9493664230506,457.91401030880746,1294.0,118.0,1176.0,198.13214780108615,259.4781789411212,782.0,99.0,683.0,525.6848774407977,543.6693492069214,1444.0,184.0,1260.0,0.016660617750670383,0.025894511507672913,0.7468729999999937,0.018246143754658606,0.02681068903013305,0.7468729999999937,0.015114120585791549,0.024872728810478115,0.48200599999995575,39,50,21844.890259750795
non_genai_video_calling_instagram_01_packets.csv,non_genai,calling,instagram,video,1,192.168.137.222,344.412188,49212,23812,25400,12832341.0,15287065.0,1.191291986395935,1.0666890643373088,571.3932780622613,449.6556498253898,1184.0,427.0,757.0,538.902276163279,451.4077853623706,1187.0,352.0,835.0,601.8529527559056,445.8705587177147,1179.0,695.0,484.0,0.0069985407624156715,0.012872499491680007,0.7371549999999996,0.007066021837728893,0.01394927705210448,0.7244319999999789,0.00693527858267715,0.011773874303298744,0.7371549999999996,32,37,81644.63099662431
non_genai_browsing_safari_01_packets.csv,non_genai,browsing,safari,,1,192.168.137.222,333.476984,25671,12120,13551,3170551.0,12343544.0,3.893185758563732,1.118069306930693,604.3432277667407,598.2106313981144,1444.0,129.0,1315.0,261.59661716171615,427.6863254089023,1440.0,77.0,1363.0,910.8954320714338,561.5058428671659,1444.0,1242.0,202.0,0.012990416579019127,0.14085302632641253,7.936130000000048,0.016684817079207964,0.18034932441670382,7.936130000000048,0.009686148697513062,0.09204017741183983,4.462944000000022,79,86,46522.23614928699
non_genai_browsing_safari_02_packets.csv,non_genai,browsing,safari,,2,192.168.137.222,288.229293,24614,9882,14732,2660559.0,15310715.0,5.754698542674679,1.4907913377858732,730.1240757292597,617.9995897354669,1494.0,940.0,554.0,269.2328476017001,436.77828383008114,1444.0,77.0,1367.0,1039.2828536519141,521.6134287265054,1494.0,1242.0,252.0,0.01170997371414642,0.07485456006431826,2.1624850000000038,0.01673584102408417,0.10316883905990447,2.1624850000000038,0.008338698886777098,0.046842577679354284,1.7403329999999997,74,81,62350.61611173574
non_genai_browsing_safari_03_packets.csv,non_genai,browsing,safari,,3,192.168.137.222,283.647012,39454,17285,22169,5457187.0,20802894.0,3.812017803311486,1.2825571304599364,665.587291529376,629.8523320004683,1444.0,207.0,1237.0,315.71807925947354,485.84424805890006,1444.0,76.0,1368.0,938.377644458478,593.4136175608907,1444.0,1306.0,138.0,0.00718930937294064,0.029033325278376165,1.0886100000000027,0.008184462019091702,0.033536469101312534,1.0886100000000027,0.006413396454508545,0.024938199939989136,0.671709000000007,180,206,92580.14323803276
non_genai_others_spotify_01_packets.csv,non_genai,others,spotify,,1,192.168.137.213,315.407332,7544,1750,5794,282719.0,7245006.0,25.626172984482825,3.310857142857143,997.8426564156946,672.6330787891092,1514.0,1514.0,0.0,161.55371428571428,285.38489196914543,712.2999999999997,66.0,646.2999999999997,1250.432516396272,537.9909023058908,1514.0,1514.0,0.0,0.041809031283138925,0.3985784202505917,12.32366300000001,0.13380997314285728,0.6683633219789059,11.305464,0.014021380566102824,0.2620266963051886,12.32366300000001,36,49,23866.677265447972
non_genai_others_spotify_02_packets.csv,non_genai,others,spotify,,2,192.168.137.213,474.220807,11202,1621,9581,167949.0,13794857.0,82.13717854824976,5.910549043800123,1246.4565256204248,551.8121790524629,1514.0,1514.0,0.0,103.60826650215917,166.27946178979602,169.0,66.0,103.0,1439.813902515395,304.8801107996198,1514.0,1514.0,0.0,0.04233358391358686,0.5289819441401468,12.796726999999976,0.19881505181986417,1.198188179274169,12.796726999999976,0.015858637720488483,0.2820510983646827,10.866972000000004,17,19,29443.68065233376
non_genai_stream_tiktok_01_packets.csv,non_genai,stream,tiktok,,1,192.168.137.213,372.123084,129366,15310,114056,2201962.0,156507268.0,71.07628015379012,7.449771391247551,1226.8233538951501,455.10778344954474,1502.0,1406.0,96.0,143.825081645983,271.4286129071023,806.5499999999993,66.0,740.5499999999993,1372.1967103878796,215.55294761234862,1502.0,1406.0,96.0,0.0028765137980613143,0.09312680391430363,10.593398000000008,0.01953329131286738,0.25961797764191896,10.593398000000008,0.0006406361261134915,0.027341665212165328,4.388916000000023,45,45,426496.5997110784
non_genai_stream_tiktok_02_packets.csv,non_genai,stream,tiktok,,2,192.168.137.213,325.405598,32286,4374,27912,1038814.0,36838919.0,35.462478364750574,6.381344307270234,1173.1937372235643,505.0952201831565,1502.0,1406.0,96.0,237.49748513946045,389.308421123804,1362.0,66.0,1296.0,1319.8236959014043,335.63169706103366,1502.0,1406.0,96.0,0.010078845258006567,0.16156814788587032,7.064053999999999,0.06079781412894375,0.41008911031909995,7.064053999999999,0.002130838313270279,0.058138145641448286,5.22041200000001,26,27,116401.60228589553
non_genai_stream_twitch_01_packets.csv,non_genai,stream,twitch,,1,192.168.137.222,190.904007,40207,17610,22597,2268552.0,30361173.0,13.383503221438168,1.283191368540602,811.5433879672694,677.7406358252623,1444.0,1444.0,0.0,128.82180579216353,265.1025447600666,636.8999999999869,66.0,570.8999999999869,1343.593087577997,340.87142482675466,1444.0,1444.0,0.0,0.004748029124281842,0.012106420953644533,0.8081850000000088,0.004679341226575767,0.013509119442737728,0.8081850000000088,0.004801558082931395,0.010888734428035451,0.2979570000000038,55,63,170922.158799946
non_genai_stream_twitch_02_packets.csv,non_genai,stream,twitch,,2,192.168.137.222,296.998668,56258,22398,33860,5066871.0,43469745.0,8.579208943744572,1.511742119832128,862.7504710441182,665.9904660512981,1444.0,1444.0,0.0,226.2197964103938,416.58772694189577,1444.0,66.0,1378.0,1283.808180744241,420.5179563807901,1444.0,1444.0,0.0,0.005279225496818231,0.011284673911637285,0.8005779999999998,0.0053745521475132285,0.013225742635537965,0.8005779999999998,0.005216168015357316,0.009791162942808273,0.455016999999998,88,90,163423.682425404
non_genai_stream_twitch_03_packets.csv,non_genai,stream,twitch,,3,192.168.137.222,252.0474,33125,12558,20567,2419907.0,26775913.0,11.064852079026178,1.637760789934703,881.3832452830188,663.641687045503,1444.0,1444.0,0.0,192.6984392419175,371.14907943380695,1444.0,66.0,1378.0,1301.8871493168667,398.4990526295978,1444.0,1444.0,0.0,0.007608978113207547,0.08472951210711399,11.882930999999985,0.009748454132823705,0.03401594746607215,0.6128009999999904,0.006302635921622012,0.10417196682689471,11.882930999999985,71,77,115834.64062712013
non_genai_audio_calling_whatsapp_01_packets.csv,non_genai,calling,whatsapp,audio,1,192.168.137.109,329.844065,9908,5257,4651,994682.0,953670.0,0.9587687321174003,0.8847251284002283,196.64432781590634,242.98825335791994,397.64999999999964,133.0,264.64999999999964,189.21095681947878,213.93637612760062,296.1999999999998,150.0,146.19999999999982,205.04622661793164,271.8959387680409,718.0,110.0,608.0,0.03329068076301978,0.06246649964277335,3.515341000000035,0.03562287178999417,0.07230425471594669,3.515341000000035,0.030654617931627746,0.04889963705982671,1.6206269999999563,27,48,5906.888153346036
non_genai_video_calling_whatsapp_01_packets.csv,non_genai,calling,whatsapp,video,1,192.168.137.109,330.533506,41143,18126,23017,12632029.0,16996527.0,1.3455104480839934,1.2698333885027033,720.1360134166201,394.7635593322898,1242.0,904.0,338.0,696.9010813196513,385.70573422565917,1093.0,847.0,246.0,738.4336360081679,400.81435161364055,1242.0,942.0,300.0,0.008033772598011812,0.01779671117415153,1.6606570000000005,0.007933816727352907,0.017206098578864737,0.823469,0.00811248833470918,0.01824835886870819,1.6606570000000005,44,57,89638.58568698328
non_genai_stream_youtube_01_packets.csv,non_genai,stream,youtube,,1,192.168.137.109,321.939961,38173,8004,30169,1537928.0,31664530.0,20.58908479460677,3.769240379810095,869.7890655699055,571.2338764556064,1292.0,1292.0,0.0,192.14492753623188,344.1135251500376,1287.0,73.0,1214.0,1049.571745831814,476.7742761381296,1292.0,1292.0,0.0,0.008433708668430566,0.026965962393064386,1.6184279999999944,0.014845498750624811,0.03212135934634901,1.0215609999999984,0.006732625841095131,0.025151074543905402,1.6184279999999944,68,74,103132.45332100913
non_genai_stream_youtube_02_packets.csv,non_genai,stream,youtube,,2,192.168.137.222,251.014599,26447,8281,18166,1530141.0,20316727.0,13.27768290634654,2.1936964134766335,826.062237682913,578.8767256844636,1292.0,1242.0,50.0,184.7773215795194,328.54441118131564,1242.0,76.0,1166.0,1118.3929868986017,407.0873598508289,1292.0,1292.0,0.0,0.009491231481831588,0.03447787498714451,1.9681429999999978,0.01621027653665018,0.04361357736893718,1.9681429999999978,0.0064283441043707975,0.028872725963023805,1.5366829999999965,58,61,87034.25253763825
non_genai_stream_youtube_03_packets.csv,non_genai,stream,youtube,,3,192.168.137.222,271.39788,30686,7659,23027,1264696.0,27155385.0,21.471867547616185,3.0065282673978326,926.1578895913445,547.7446891436631,1292.0,1292.0,0.0,165.12547329938636,299.248499944893,1242.0,76.0,1166.0,1179.2845355452296,336.6232278138668,1292.0,1292.0,0.0,0.008844355080492732,0.03274609943091477,4.00012000000001,0.019478805065935485,0.05595073196016104,4.00012000000001,0.005307235506144965,0.018377026330635683,0.599441000000013,41,43,104717.40236143334
non_genai_stream_youtube_04_packets.csv,non_genai,stream,youtube,,4,192.168.137.213,231.971819,14936,2027,12909,684556.0,15461358.0,22.585965209566492,6.3685249136655155,1081.0065613283343,450.4155187101618,1292.0,1292.0,0.0,337.71879625061666,472.03001441468024,1292.0,77.0,1215.0,1197.719265628631,315.2453998363193,1292.0,1292.0,0.0,0.015531053762720941,0.4031861346523564,35.03548700000002,0.08331956438085854,0.9712613445910964,35.03548700000002,0.004886750484158321,0.19795554918830374,18.960183,32,35,69602.91155021722
non_genai_stream_youtube_05_packets.csv,non_genai,stream,youtube,,5,192.168.137.213,450.037108,30662,3084,27578,910560.0,34339657.0,37.71267901071868,8.942282749675746,1149.6385428217338,384.41001608532486,1292.0,1292.0,0.0,295.25291828793775,443.05294858807804,1292.0,76.0,1216.0,1245.1830081949379,227.12920889681155,1292.0,1292.0,0.0,0.014677356597743135,0.32091059449650106,20.076489000000038,0.12113535473411155,0.9455074011566552,20.076489000000038,0.002772342954528972,0.11466221523857706,12.064840000000004,34,39,78327.35650767715
non_genai_stream_youtube_06_packets.csv,non_genai,stream,youtube,,6,192.168.137.213,328.898027,24154,1962,22192,551187.0,27561438.0,50.00378818803782,11.310907237512742,1163.8910739422042,364.74082751281355,1292.0,1292.0,0.0,280.93119266055044,420.7365568085198,1292.0,76.0,1216.0,1241.9537671232877,232.6622037964892,1292.0,1292.0,0.0,0.0136167105655378,0.2693990929022647,16.181835000000035,0.12868468399592253,0.8126637256127861,16.181835000000035,0.003443523657173756,0.1391311810876998,14.179658999999987,33,36,85475.20110237693
non_genai_stream_youtube_07_packets.csv,non_genai,stream,youtube,,7,192.168.137.213,231.122143,22201,1580,20621,449402.0,25973236.0,57.795105495747684,13.05126582278481,1190.155308319445,330.8923160140747,1292.0,1292.0,0.0,284.43164556962023,433.7376664288153,1292.0,76.0,1216.0,1259.5526890063527,189.2064038021384,1292.0,1292.0,0.0,0.01041043840367551,0.2814127806005416,20.030849000000018,0.11049877594936712,0.8927778308298261,20.030849000000018,0.00274157785752388,0.15296960421706077,14.630825999999985,25,27,114323.26499326376
non_genai_stream_youtube_08_packets.csv,non_genai,stream,youtube,,8,192.168.137.213,292.199572,35708,2741,32967,568700.0,41840711.0,73.57255319148936,12.027362276541409,1187.6725383667526,336.191236101399,1292.0,1292.0,0.0,207.4790222546516,356.82293654580985,1292.0,76.0,1216.0,1269.1695028361696,159.09872087934627,1292.0,1292.0,0.0,0.008183028228968298,0.1899149061801119,11.249297999999982,0.0833227398759577,0.6313076777237397,11.249297999999982,0.0019356308429641746,0.07370403817061473,5.407454999999999,30,31,145138.51170185834
non_genai_stream_youtube_09_packets.csv,non_genai,stream,youtube,,9,192.168.137.213,335.710808,51808,4647,47161,1102633.0,59000083.0,53.508359535765756,10.148698084785883,1160.104925880173,373.6110925966483,1292.0,1292.0,0.0,237.2784592210028,390.4136044485102,1292.0,77.0,1215.0,1251.0354530226246,214.80246111522237,1292.0,1292.0,0.0,0.006479902872143298,0.1728568705668932,14.858451000000002,0.052420515386270586,0.5169177511507174,14.858451000000002,0.0019531535166769274,0.07919273790505583,6.737726000000009,55,59,179031.22141959757
non_genai_stream_youtube_10_packets.csv,non_genai,stream,youtube,,10,192.168.137.213,360.359586,65221,4523,60698,908271.0,77368219.0,85.181866425329,13.419854079151007,1200.1731037549255,318.65858553892195,1292.0,1292.0,0.0,200.81162944948042,351.8913644848405,1292.0,76.0,1216.0,1274.6419816138916,141.12585001453203,1292.0,1292.0,0.0,0.005525207923828214,0.17188082782687014,17.438129000000004,0.0621662361264647,0.600934612982719,17.438129000000004,0.001304519094533595,0.0677019720483511,8.372765999999984,37,39,217217.72651831165
non_genai_stream_youtube_11_packets.csv,non_genai,stream,youtube,,11,192.168.137.213,321.423651,42576,3224,39352,957779.0,49366512.0,51.5426961752137,12.205955334987593,1181.9872933107854,343.0649854852826,1292.0,1292.0,0.0,297.0778535980149,444.3419351573254,1292.0,76.0,1216.0,1254.4854645253101,204.3354807260184,1292.0,1292.0,0.0,0.007549409315107103,0.19421511266043776,12.965177000000011,0.07843801333746925,0.6400766304605023,12.965177000000011,0.0017417029884122576,0.08251384364249885,8.669269,33,36,156566.85761434524
non_genai_stream_youtube_12_packets.csv,non_genai,stream,youtube,,12,192.168.137.213,439.148649,61506,4099,57407,1033389.0,72437488.0,70.09701864447948,14.005123200780679,1194.531866809742,325.16197460893807,1292.0,1292.0,0.0,252.10758721639425,408.32824537044985,1292.0,76.0,1216.0,1261.8232619715366,182.84176686374335,1292.0,1292.0,0.0,0.007139931860306311,0.1932607422492859,20.02852200000001,0.08332712515247605,0.682311782671996,20.02852200000001,0.0016999801940530016,0.07961617382358299,8.71108700000002,32,33,167302.97854109987
non_genai_stream_youtube_13_packets.csv,non_genai,stream,youtube,,13,192.168.137.213,382.980572,43166,4734,38432,1370597.0,46783633.0,34.133762878512066,8.118293198141107,1115.559236436084,414.73698618048064,1292.0,1292.0,0.0,289.52196873679765,441.3895454942192,1292.0,76.0,1216.0,1217.309351582015,273.48884767763286,1292.0,1292.0,0.0,0.008872273826622805,0.19210313790647834,12.065289000000007,0.05536330946345597,0.5372332655060222,12.065289000000007,0.0031455730901332087,0.0748682520061895,5.737341000000015,42,45,125735.43808901095
non_genai_stream_youtube_14_packets.csv,non_genai,stream,youtube,,14,192.168.137.213,380.520124,37687,2992,34695,849391.0,43572536.0,51.298560968976595,11.595922459893048,1178.7069015841007,348.9864923488128,1292.0,1292.0,0.0,283.8873663101604,433.8436052722868,1292.0,76.0,1216.0,1255.8736417351204,202.63521832859678,1292.0,1292.0,0.0,0.01009685366306684,0.21520261800937476,14.704203,0.10165040207219225,0.7063690408208902,14.704203,0.002201531085170797,0.08065589337103585,5.049576999999999,28,30,116740.02029916293
non_genai_audio_calling_zoom_01_packets.csv,non_genai,calling,zoom,audio,1,192.168.137.109,375.534506,37833,19061,18772,4177528.0,4526843.0,1.0836176322456725,0.9848381511987828,230.07350725557055,152.27070634426562,369.0,206.0,163.0,219.16625570536698,138.42093862765054,350.0,192.0,158.0,241.14867888344344,164.41449982357628,379.0,222.0,157.0,0.009926109639732509,0.02357381331145936,1.0834870000000016,0.009494835108336507,0.028940983340814512,1.0834870000000016,0.010364023758789573,0.016406654404388783,0.7029720000000026,44,50,23178.618371756227
non_genai_video_calling_zoom_01_packets.csv,non_genai,calling,zoom,video,1,192.168.137.109,346.065228,69516,34148,35368,18443556.0,21087920.0,1.1433760387638914,1.0357268361251024,568.6672996144772,465.979030843983,1274.0,320.0,954.0,540.1064776853696,445.9146236098347,1259.0,328.0,931.0,596.2429314634699,482.9699898005574,1290.0,311.0,979.0,0.004978209735888141,0.011468189686654603,0.9699889999999982,0.0044984914197025196,0.011725465251659128,0.6417710000000003,0.005441380428636009,0.011194866752435459,0.9699889999999982,47,60,114231.28590081868
